user_id,movie_id,rating
0,3,19.0
0,4,57.0
0,35,87.0
0,56,68.0
0,142,18.0
0,149,19.0
0,161,56.0
0,169,49.0
0,246,91.0
1,0,64.0
1,42,72.0
1,55,70.0
1,71,42.0
1,108,62.0
1,120,42.0
1,125,43.0
1,127,78.0
1,144,75.0
1,149,90.0
1,165,17.0
1,173,14.0
1,182,38.0
1,186,69.0
1,198,57.0
1,214,51.0
2,5,95.0
2,29,88.0
2,34,17.0
2,37,16.0
2,46,73.0
2,66,72.0
2,83,80.0
2,129,24.0
2,130,36.0
2,145,49.0
2,179,39.0
2,184,41.0
2,210,63.0
3,1,23.0
3,10,67.0
3,11,87.0
3,28,83.0
3,53,99.0
3,83,64.0
3,133,98.0
3,135,33.0
3,137,88.0
3,208,89.0
3,228,16.0
3,237,35.0
4,23,71.0
4,37,95.0
4,57,51.0
4,60,98.0
4,98,93.0
4,110,94.0
4,113,53.0
4,115,14.0
4,125,59.0
4,127,95.0
4,134,59.0
4,139,45.0
4,148,67.0
4,159,84.0
4,177,12.0
4,185,82.0
4,186,81.0
4,187,11.0
4,232,61.0
5,4,30.0
5,18,67.0
5,29,96.0
5,56,35.0
5,90,55.0
5,123,36.0
5,184,35.0
5,207,82.0
5,244,98.0
6,11,37.0
6,12,39.0
6,23,42.0
6,25,52.0
6,28,48.0
6,29,56.0
6,40,16.0
6,85,79.0
6,107,36.0
6,118,79.0
6,126,12.0
6,127,20.0
6,152,91.0
6,233,62.0
6,239,16.0
6,243,20.0
7,21,52.0
7,24,70.0
7,39,81.0
7,61,28.0
7,118,87.0
7,144,32.0
7,167,53.0
7,173,60.0
7,183,62.0
7,189,87.0
7,197,94.0
7,240,25.0
8,15,35.0
8,88,91.0
8,89,96.0
8,99,21.0
8,102,89.0
8,117,50.0
8,150,12.0
8,171,73.0
8,192,26.0
8,194,49.0
9,0,50.0
9,19,34.0
9,34,99.0
9,49,66.0
9,66,67.0
9,68,41.0
9,83,90.0
9,94,95.0
9,118,49.0
9,121,97.0
9,124,34.0
9,143,70.0
9,157,11.0
9,164,96.0
9,168,44.0
9,197,11.0
9,214,86.0
9,235,90.0
9,243,36.0
10,6,91.0
10,24,51.0
10,69,81.0
10,117,25.0
10,161,84.0
10,181,91.0
10,197,71.0
10,198,59.0
10,242,60.0
11,6,27.0
11,41,57.0
11,44,84.0
11,98,79.0
11,125,74.0
11,127,81.0
11,145,76.0
11,150,52.0
11,180,78.0
11,194,17.0
11,212,84.0
12,7,61.0
12,15,10.0
12,24,52.0
12,72,49.0
12,117,41.0
12,123,24.0
12,137,26.0
12,185,87.0
12,193,87.0
12,236,29.0
13,1,57.0
13,9,47.0
13,44,31.0
13,47,24.0
13,76,14.0
13,92,42.0
13,125,85.0
13,144,38.0
13,145,93.0
13,150,52.0
13,172,82.0
13,197,72.0
13,233,52.0
14,6,65.0
14,10,23.0
14,30,85.0
14,41,14.0
14,42,77.0
14,47,59.0
14,52,59.0
14,72,28.0
14,77,66.0
14,83,45.0
14,85,13.0
14,198,80.0
14,246,66.0
15,62,99.0
15,110,70.0
15,120,43.0
15,135,21.0
15,144,32.0
15,154,69.0
15,171,18.0
15,186,45.0
15,191,26.0
15,193,100.0
15,207,30.0
15,231,90.0
16,11,13.0
16,12,17.0
16,36,33.0
16,39,63.0
16,53,42.0
16,66,46.0
16,80,25.0
16,88,90.0
16,108,49.0
16,134,81.0
16,196,80.0
16,207,89.0
16,244,12.0
17,15,51.0
17,32,51.0
17,42,19.0
17,44,52.0
17,85,57.0
17,94,97.0
17,122,82.0
17,129,18.0
17,140,92.0
17,161,69.0
17,168,19.0
17,187,26.0
17,192,61.0
17,234,51.0
17,248,73.0
18,4,19.0
18,8,11.0
18,41,32.0
18,53,91.0
18,82,47.0
18,104,68.0
18,110,21.0
18,126,40.0
18,127,53.0
18,138,45.0
18,183,43.0
19,15,41.0
19,25,69.0
19,29,31.0
19,42,75.0
19,49,86.0
19,55,92.0
19,69,37.0
19,84,24.0
19,139,43.0
19,168,45.0
19,169,25.0
19,195,15.0
19,214,69.0
19,244,45.0
20,32,29.0
20,61,82.0
20,70,82.0
20,92,90.0
20,120,89.0
20,122,64.0
20,143,50.0
20,149,50.0
20,166,13.0
20,169,77.0
20,188,20.0
21,37,32.0
21,67,25.0
21,82,26.0
21,171,40.0
21,196,48.0
21,223,58.0
21,228,77.0
22,26,29.0
22,31,68.0
22,71,66.0
22,74,60.0
22,85,87.0
22,107,64.0
22,110,16.0
22,115,87.0
22,142,27.0
22,155,76.0
22,156,96.0
22,186,57.0
22,229,94.0
22,235,83.0
23,5,70.0
23,47,62.0
23,57,29.0
23,105,56.0
23,118,87.0
23,123,88.0
23,171,23.0
23,176,96.0
23,197,19.0
23,213,43.0
23,237,54.0
24,45,73.0
24,57,98.0
24,73,72.0
24,76,12.0
24,96,87.0
24,103,52.0
24,104,91.0
24,107,59.0
24,132,91.0
24,161,14.0
24,188,42.0
24,240,98.0
25,1,91.0
25,57,28.0
25,85,57.0
25,107,40.0
25,128,39.0
25,171,40.0
25,192,50.0
25,243,66.0
26,0,13.0
26,42,43.0
26,67,45.0
26,102,51.0
26,141,13.0
26,158,98.0
26,160,12.0
26,165,49.0
26,183,15.0
26,220,35.0
26,235,12.0
27,41,80.0
27,53,14.0
27,61,49.0
27,72,36.0
27,86,29.0
27,103,88.0
27,109,53.0
27,118,19.0
27,125,72.0
27,143,58.0
27,183,34.0
27,192,81.0
27,214,63.0
27,231,15.0
27,238,13.0
28,52,88.0
28,53,76.0
28,75,26.0
28,98,32.0
28,149,60.0
28,154,93.0
28,164,22.0
28,165,14.0
28,182,13.0
29,4,64.0
29,25,84.0
29,46,30.0
29,62,14.0
29,81,94.0
29,89,71.0
29,102,99.0
29,123,37.0
29,125,85.0
29,155,77.0
30,32,71.0
30,43,90.0
30,71,43.0
30,103,45.0
30,106,97.0
30,115,37.0
30,146,48.0
30,198,82.0
30,224,78.0
30,226,66.0
30,247,93.0
31,88,24.0
31,90,91.0
31,114,86.0
31,138,17.0
31,140,12.0
31,178,53.0
31,187,89.0
31,199,12.0
31,223,22.0
31,246,28.0
32,17,44.0
32,63,89.0
32,158,13.0
32,178,39.0
32,192,25.0
32,193,31.0
32,232,89.0
32,236,91.0
32,240,64.0
33,3,79.0
33,6,12.0
33,21,13.0
33,27,20.0
33,82,76.0
33,139,35.0
33,149,100.0
33,170,18.0
33,178,90.0
33,179,51.0
33,180,59.0
33,198,64.0
33,205,50.0
33,214,57.0
33,241,65.0
34,5,80.0
34,8,15.0
34,33,47.0
34,67,30.0
34,77,68.0
34,100,40.0
34,130,21.0
34,145,67.0
34,163,65.0
34,179,95.0
34,189,60.0
34,220,89.0
34,244,52.0
34,246,61.0
35,1,21.0
35,13,21.0
35,19,95.0
35,42,27.0
35,56,41.0
35,66,20.0
35,78,78.0
35,114,12.0
35,160,34.0
35,169,46.0
35,180,27.0
35,185,72.0
35,200,85.0
35,209,34.0
35,219,76.0
35,235,20.0
35,238,69.0
36,1,37.0
36,7,93.0
36,72,11.0
36,106,98.0
36,115,75.0
36,123,12.0
36,130,16.0
36,131,25.0
36,151,20.0
36,156,46.0
36,166,54.0
36,186,11.0
36,197,74.0
36,214,49.0
36,229,36.0
37,23,40.0
37,34,54.0
37,35,88.0
37,38,46.0
37,44,20.0
37,48,31.0
37,73,36.0
37,83,21.0
37,90,83.0
37,96,69.0
37,125,87.0
37,137,24.0
37,147,49.0
37,149,77.0
37,207,31.0
37,213,47.0
38,24,90.0
38,69,74.0
38,135,46.0
38,154,82.0
38,164,17.0
38,173,73.0
38,191,70.0
38,198,37.0
38,201,69.0
38,213,18.0
38,238,30.0
38,243,44.0
38,248,13.0
39,28,36.0
39,52,76.0
39,59,93.0
39,86,24.0
39,140,64.0
39,185,43.0
39,214,67.0
39,247,61.0
40,20,45.0
40,47,83.0
40,62,34.0
40,73,36.0
40,98,64.0
40,110,30.0
40,182,62.0
40,187,34.0
40,200,36.0
40,223,42.0
40,226,21.0
41,24,50.0
41,36,21.0
41,38,76.0
41,68,81.0
41,118,62.0
41,129,16.0
41,160,25.0
41,167,12.0
41,172,58.0
41,210,91.0
41,214,82.0
41,242,66.0
41,246,53.0
42,25,48.0
42,26,73.0
42,34,76.0
42,42,25.0
42,60,33.0
42,63,53.0
42,73,74.0
42,121,77.0
42,122,21.0
42,139,55.0
42,167,90.0
42,218,22.0
42,230,95.0
43,5,98.0
43,38,50.0
43,61,78.0
43,109,21.0
43,114,97.0
43,154,96.0
43,164,16.0
43,175,76.0
43,227,54.0
43,230,55.0
43,241,69.0
44,31,65.0
44,47,68.0
44,63,15.0
44,65,96.0
44,75,13.0
44,84,40.0
44,95,55.0
44,110,32.0
44,113,41.0
44,115,28.0
44,120,33.0
44,121,33.0
44,135,21.0
44,148,55.0
44,199,41.0
44,210,33.0
44,241,46.0
44,244,69.0
45,19,81.0
45,43,42.0
45,83,18.0
45,92,21.0
45,93,49.0
45,94,69.0
45,109,43.0
45,116,44.0
45,128,70.0
45,169,87.0
45,237,62.0
45,245,90.0
46,43,28.0
46,76,63.0
46,153,51.0
46,207,24.0
46,247,27.0
46,248,28.0
47,6,91.0
47,11,80.0
47,13,47.0
47,16,65.0
47,49,36.0
47,69,49.0
47,84,96.0
47,100,41.0
47,160,49.0
47,184,56.0
47,195,19.0
47,208,85.0
48,7,34.0
48,21,82.0
48,29,21.0
48,44,93.0
48,62,41.0
48,85,55.0
48,147,94.0
48,163,29.0
48,175,39.0
48,180,35.0
48,188,97.0
48,195,22.0
48,203,42.0
48,216,40.0
48,230,67.0
48,248,48.0
49,14,25.0
49,68,52.0
49,81,58.0
49,89,29.0
49,127,96.0
49,135,25.0
49,144,28.0
49,162,40.0
49,174,22.0
49,192,95.0
49,198,25.0
50,29,80.0
50,59,91.0
50,74,27.0
50,84,80.0
50,92,58.0
50,103,61.0
50,137,35.0
50,168,96.0
50,202,46.0
50,235,48.0
50,236,77.0
50,247,77.0
50,248,15.0
51,0,34.0
51,6,96.0
51,13,27.0
51,26,17.0
51,46,32.0
51,52,80.0
51,59,11.0
51,68,96.0
51,111,37.0
51,173,73.0
51,185,38.0
51,188,40.0
51,201,85.0
51,214,31.0
51,224,88.0
51,225,12.0
51,233,15.0
51,237,91.0
51,240,63.0
52,13,38.0
52,45,69.0
52,51,97.0
52,94,35.0
52,154,71.0
52,194,52.0
52,204,55.0
52,207,85.0
52,209,29.0
52,210,44.0
52,213,55.0
52,223,58.0
52,239,99.0
53,0,82.0
53,7,46.0
53,18,94.0
53,42,57.0
53,64,12.0
53,70,38.0
53,85,32.0
53,100,80.0
53,109,77.0
53,133,19.0
53,136,33.0
53,140,67.0
53,159,89.0
53,201,54.0
53,204,61.0
53,206,66.0
53,210,96.0
53,215,21.0
53,234,54.0
54,7,97.0
54,43,73.0
54,67,64.0
54,69,53.0
54,82,51.0
54,205,50.0
54,234,82.0
54,237,61.0
54,241,94.0
55,16,17.0
55,39,43.0
55,78,28.0
55,83,61.0
55,105,23.0
55,108,21.0
55,124,74.0
55,128,58.0
55,152,92.0
55,160,50.0
55,175,14.0
55,236,10.0
55,242,79.0
56,50,40.0
56,76,91.0
56,102,60.0
56,126,38.0
56,162,29.0
56,241,43.0
56,242,98.0
57,15,29.0
57,46,65.0
57,49,31.0
57,69,69.0
57,99,55.0
57,107,70.0
57,124,16.0
57,162,81.0
57,239,62.0
58,8,64.0
58,9,10.0
58,20,78.0
58,70,92.0
58,80,74.0
58,104,40.0
58,113,18.0
58,173,93.0
58,174,68.0
58,187,79.0
58,191,66.0
58,245,43.0
59,28,97.0
59,74,98.0
59,108,68.0
59,130,24.0
59,181,88.0
59,185,95.0
59,208,49.0
60,34,36.0
60,48,20.0
60,108,48.0
60,115,52.0
60,164,75.0
60,180,15.0
60,184,75.0
60,191,21.0
60,197,34.0
60,235,97.0
60,243,99.0
61,4,54.0
61,8,38.0
61,19,70.0
61,47,19.0
61,68,80.0
61,71,41.0
61,86,11.0
61,105,35.0
61,122,99.0
61,138,18.0
61,158,12.0
61,169,43.0
61,200,54.0
61,214,65.0
61,221,84.0
62,43,15.0
62,52,54.0
62,56,32.0
62,93,55.0
62,108,74.0
62,118,54.0
62,120,22.0
62,128,91.0
62,136,53.0
62,138,75.0
62,157,20.0
62,164,16.0
62,169,77.0
62,179,12.0
62,181,12.0
62,189,47.0
62,208,27.0
62,228,16.0
62,242,16.0
63,69,58.0
63,85,23.0
63,92,14.0
63,120,37.0
63,134,72.0
63,138,44.0
63,159,50.0
63,185,34.0
63,199,68.0
63,207,12.0
63,223,78.0
63,227,37.0
63,245,84.0
64,31,92.0
64,32,80.0
64,44,78.0
64,86,37.0
64,91,61.0
64,114,12.0
64,124,59.0
64,128,44.0
64,129,35.0
64,157,26.0
64,180,71.0
64,194,12.0
64,208,46.0
64,210,98.0
64,238,96.0
64,244,59.0
64,247,39.0
65,38,91.0
65,58,78.0
65,106,54.0
65,129,27.0
65,134,90.0
65,162,89.0
65,186,22.0
65,216,12.0
66,23,32.0
66,93,30.0
66,103,14.0
66,106,65.0
66,107,33.0
66,111,79.0
66,125,78.0
66,138,55.0
66,158,43.0
66,167,77.0
66,172,45.0
66,173,81.0
66,181,71.0
66,186,51.0
66,206,83.0
66,221,69.0
66,229,11.0
66,235,51.0
66,239,63.0
66,248,47.0
67,7,83.0
67,26,31.0
67,62,78.0
67,71,99.0
67,74,45.0
67,160,32.0
67,162,56.0
67,172,62.0
67,180,67.0
67,183,41.0
67,187,43.0
67,189,51.0
67,234,97.0
67,237,72.0
67,238,84.0
67,240,65.0
68,0,99.0
68,42,40.0
68,50,11.0
68,90,20.0
68,115,51.0
68,132,28.0
68,178,87.0
68,179,37.0
68,206,28.0
68,247,15.0
69,24,43.0
69,65,57.0
69,70,99.0
69,72,11.0
69,78,63.0
69,89,18.0
69,112,82.0
69,155,23.0
69,162,65.0
69,167,55.0
69,212,11.0
69,213,42.0
70,20,25.0
70,40,42.0
70,42,41.0
70,47,89.0
70,83,57.0
70,135,73.0
70,144,64.0
70,163,73.0
70,164,76.0
70,165,13.0
70,204,50.0
70,219,82.0
70,223,41.0
70,232,70.0
71,9,89.0
71,46,72.0
71,63,53.0
71,80,30.0
71,81,97.0
71,91,81.0
71,97,43.0
71,101,81.0
71,103,20.0
71,136,56.0
71,149,54.0
71,194,33.0
71,211,18.0
71,219,11.0
71,229,59.0
72,0,27.0
72,11,99.0
72,39,29.0
72,62,40.0
72,78,13.0
72,140,84.0
72,147,15.0
72,152,77.0
72,172,95.0
72,187,58.0
72,207,44.0
72,218,85.0
73,94,81.0
73,97,19.0
73,116,18.0
73,165,30.0
73,166,16.0
73,169,98.0
73,176,25.0
73,186,58.0
73,207,40.0
74,1,49.0
74,57,74.0
74,66,55.0
74,94,31.0
74,101,30.0
74,106,30.0
74,112,91.0
74,131,52.0
74,237,85.0
75,5,74.0
75,36,39.0
75,73,68.0
75,102,19.0
75,105,76.0
75,119,97.0
75,167,63.0
75,177,87.0
75,195,70.0
75,203,18.0
75,205,91.0
75,227,42.0
75,247,86.0
76,66,58.0
76,68,52.0
76,71,46.0
76,101,97.0
76,126,25.0
76,134,97.0
76,156,41.0
76,161,67.0
76,201,95.0
76,210,23.0
76,215,69.0
76,233,55.0
76,235,88.0
76,237,66.0
76,241,61.0
76,248,75.0
77,20,72.0
77,34,96.0
77,67,40.0
77,71,84.0
77,103,65.0
77,130,35.0
77,131,99.0
77,134,65.0
77,135,20.0
77,150,91.0
77,175,48.0
77,214,11.0
78,8,38.0
78,14,61.0
78,28,10.0
78,31,88.0
78,33,76.0
78,74,78.0
78,110,77.0
78,119,68.0
78,128,43.0
78,142,82.0
78,162,49.0
78,240,23.0
79,136,72.0
79,155,97.0
79,176,97.0
79,185,79.0
79,229,54.0
79,230,66.0
79,231,54.0
80,7,43.0
80,23,34.0
80,43,57.0
80,46,79.0
80,54,54.0
80,72,14.0
80,167,64.0
80,179,39.0
80,214,30.0
80,220,82.0
80,244,12.0
80,246,97.0
80,247,85.0
81,11,14.0
81,14,93.0
81,17,16.0
81,41,56.0
81,81,18.0
81,91,74.0
81,106,46.0
81,109,68.0
81,120,47.0
82,23,34.0
82,58,55.0
82,65,79.0
82,96,68.0
82,130,48.0
82,160,27.0
82,174,68.0
82,199,28.0
82,204,22.0
82,206,41.0
83,36,30.0
83,45,76.0
83,71,95.0
83,93,14.0
83,137,20.0
83,190,30.0
83,245,66.0
84,45,48.0
84,66,98.0
84,69,38.0
84,72,53.0
84,117,13.0
84,208,20.0
84,226,42.0
85,7,29.0
85,9,41.0
85,20,70.0
85,41,16.0
85,80,98.0
85,170,49.0
85,203,36.0
85,218,23.0
85,235,55.0
85,243,70.0
85,244,16.0
86,43,76.0
86,65,25.0
86,70,65.0
86,81,89.0
86,84,27.0
86,85,97.0
86,120,25.0
86,159,74.0
86,164,91.0
86,183,91.0
87,3,13.0
87,22,62.0
87,64,66.0
87,104,75.0
87,107,75.0
87,115,26.0
87,119,88.0
87,150,48.0
88,16,45.0
88,39,97.0
88,53,84.0
88,104,78.0
88,125,50.0
88,138,29.0
88,149,51.0
88,154,12.0
88,168,12.0
88,177,93.0
88,246,63.0
89,5,65.0
89,13,84.0
89,42,74.0
89,46,72.0
89,66,62.0
89,85,89.0
89,101,22.0
89,156,96.0
89,205,29.0
90,2,80.0
90,18,12.0
90,30,13.0
90,49,34.0
90,60,51.0
90,84,27.0
90,89,40.0
90,109,92.0
90,115,17.0
90,154,72.0
90,173,98.0
90,186,90.0
90,234,51.0
90,240,36.0
91,11,81.0
91,28,75.0
91,60,31.0
91,88,91.0
91,97,55.0
91,119,55.0
91,136,60.0
91,164,50.0
91,166,27.0
91,212,68.0
91,238,33.0
92,11,45.0
92,60,86.0
92,92,74.0
92,93,68.0
92,127,87.0
92,129,26.0
92,159,44.0
92,171,68.0
92,223,67.0
93,58,33.0
93,88,18.0
93,100,28.0
93,133,35.0
93,136,25.0
93,171,56.0
93,179,23.0
93,180,85.0
93,232,72.0
93,241,58.0
94,22,95.0
94,37,20.0
94,169,71.0
94,184,57.0
94,198,93.0
94,212,56.0
95,10,93.0
95,13,16.0
95,23,56.0
95,27,57.0
95,55,44.0
95,87,81.0
95,98,44.0
95,99,81.0
95,143,79.0
95,162,67.0
95,169,92.0
95,179,58.0
95,197,60.0
95,212,25.0
95,222,13.0
95,229,22.0
95,235,39.0
95,246,64.0
96,19,18.0
96,67,45.0
96,76,86.0
96,150,66.0
96,154,35.0
96,171,46.0
96,179,19.0
96,183,96.0
96,190,73.0
96,209,90.0
96,225,91.0
96,233,41.0
96,246,14.0
97,7,84.0
97,30,19.0
97,56,71.0
97,67,73.0
97,105,75.0
97,127,66.0
97,148,10.0
97,155,50.0
97,169,20.0
97,187,56.0
97,195,58.0
97,201,19.0
97,219,22.0
98,3,75.0
98,8,49.0
98,58,84.0
98,59,80.0
98,72,57.0
98,75,53.0
98,100,34.0
98,133,75.0
98,139,36.0
98,154,48.0
98,184,16.0
98,206,100.0
98,236,86.0
99,32,72.0
99,64,17.0
99,72,94.0
99,78,50.0
99,91,99.0
99,93,43.0
99,100,56.0
99,130,66.0
99,131,47.0
99,137,75.0
99,145,27.0
99,164,75.0
99,169,12.0
99,170,31.0
99,173,94.0
99,210,69.0
99,239,34.0
100,1,82.0
100,24,17.0
100,55,75.0
100,82,51.0
100,91,64.0
100,128,73.0
100,136,96.0
100,165,20.0
100,167,23.0
100,177,55.0
100,178,41.0
100,183,41.0
100,185,93.0
100,189,86.0
100,197,11.0
100,209,66.0
100,215,71.0
101,5,32.0
101,21,32.0
101,55,35.0
101,69,84.0
101,80,82.0
101,105,75.0
101,117,65.0
101,144,11.0
101,145,67.0
101,166,41.0
101,237,21.0
101,245,19.0
102,18,75.0
102,48,79.0
102,54,31.0
102,75,79.0
102,98,40.0
102,101,78.0
102,158,70.0
102,206,76.0
102,214,80.0
102,231,42.0
103,17,20.0
103,48,72.0
103,63,52.0
103,87,53.0
103,136,83.0
103,143,18.0
103,155,86.0
103,174,25.0
104,1,77.0
104,14,95.0
104,18,88.0
104,26,66.0
104,75,71.0
104,76,90.0
104,119,82.0
104,129,81.0
104,142,63.0
104,157,67.0
104,158,34.0
104,176,92.0
105,10,44.0
105,20,35.0
105,31,64.0
105,41,69.0
105,90,40.0
105,94,28.0
105,123,69.0
105,150,96.0
105,151,55.0
105,152,51.0
105,153,97.0
105,162,45.0
105,226,62.0
105,228,85.0
105,241,97.0
105,247,40.0
105,248,88.0
106,75,86.0
106,90,34.0
106,100,21.0
106,115,31.0
106,119,37.0
106,155,51.0
106,179,59.0
106,196,76.0
106,218,80.0
107,17,39.0
107,27,72.0
107,29,84.0
107,39,92.0
107,42,97.0
107,140,30.0
107,148,35.0
107,155,100.0
107,158,89.0
107,207,50.0
107,209,49.0
107,240,64.0
108,15,94.0
108,36,40.0
108,47,67.0
108,70,32.0
108,92,44.0
108,95,28.0
108,142,17.0
108,166,92.0
108,203,50.0
108,211,27.0
108,249,36.0
109,7,85.0
109,40,30.0
109,75,32.0
109,80,57.0
109,97,45.0
109,134,24.0
109,151,51.0
109,153,86.0
109,165,25.0
109,187,60.0
109,206,65.0
110,15,99.0
110,27,52.0
110,74,34.0
110,80,27.0
110,84,20.0
110,86,83.0
110,149,94.0
110,163,53.0
110,173,81.0
110,211,60.0
110,215,27.0
110,239,41.0
111,8,34.0
111,12,87.0
111,24,31.0
111,99,70.0
111,109,67.0
111,116,40.0
111,140,50.0
111,162,70.0
111,216,44.0
111,249,76.0
112,4,65.0
112,24,70.0
112,44,29.0
112,52,80.0
112,62,42.0
112,65,75.0
112,90,71.0
112,95,53.0
112,116,46.0
112,122,19.0
112,202,34.0
112,203,19.0
112,214,79.0
112,221,28.0
112,228,95.0
112,233,12.0
112,234,67.0
112,235,67.0
112,247,79.0
113,3,19.0
113,20,84.0
113,33,82.0
113,85,28.0
113,141,12.0
113,146,76.0
113,192,17.0
113,213,86.0
114,4,62.0
114,14,86.0
114,38,34.0
114,57,76.0
114,77,85.0
114,82,19.0
114,137,21.0
114,155,71.0
114,169,56.0
114,189,95.0
114,217,30.0
114,226,91.0
114,227,40.0
114,235,61.0
115,21,26.0
115,48,41.0
115,109,67.0
115,110,86.0
115,115,24.0
115,161,43.0
115,162,47.0
115,181,87.0
115,201,18.0
115,205,92.0
115,240,75.0
115,248,92.0
116,14,13.0
116,24,73.0
116,69,95.0
116,127,55.0
116,130,37.0
116,151,89.0
116,161,42.0
116,175,33.0
116,186,72.0
116,221,77.0
117,1,66.0
117,80,15.0
117,81,18.0
117,82,93.0
117,88,65.0
117,108,17.0
117,124,89.0
117,125,19.0
117,127,97.0
117,151,84.0
117,176,69.0
117,185,25.0
117,214,92.0
117,219,28.0
117,235,42.0
117,242,87.0
118,6,14.0
118,23,99.0
118,27,32.0
118,74,53.0
118,76,19.0
118,78,93.0
118,91,54.0
118,101,24.0
118,128,11.0
118,130,75.0
118,171,75.0
118,175,44.0
118,180,81.0
118,192,27.0
118,194,79.0
118,219,23.0
118,233,39.0
119,31,44.0
119,35,48.0
119,44,40.0
119,52,63.0
119,68,78.0
119,106,99.0
119,129,32.0
119,141,95.0
119,143,30.0
119,149,54.0
119,154,90.0
119,155,21.0
119,196,91.0
119,221,58.0
119,227,26.0
120,48,18.0
120,52,95.0
120,100,96.0
120,122,73.0
120,124,75.0
120,138,81.0
120,163,57.0
120,164,71.0
120,204,88.0
120,216,35.0
120,220,53.0
120,234,71.0
120,235,68.0
120,237,17.0
120,240,34.0
121,16,74.0
121,39,48.0
121,75,86.0
121,92,57.0
121,110,69.0
121,117,48.0
121,118,93.0
121,126,81.0
121,216,70.0
121,222,31.0
121,232,44.0
122,5,61.0
122,17,34.0
122,34,43.0
122,47,61.0
122,60,10.0
122,65,60.0
122,87,32.0
122,174,87.0
122,211,18.0
122,238,49.0
122,245,89.0
123,11,14.0
123,17,64.0
123,50,99.0
123,74,40.0
123,151,38.0
123,154,97.0
123,191,58.0
123,197,46.0
123,204,88.0
124,2,34.0
124,8,15.0
124,19,47.0
124,26,84.0
124,58,77.0
124,59,39.0
124,135,87.0
124,166,52.0
124,169,50.0
124,231,52.0
124,234,85.0
125,0,80.0
125,22,16.0
125,54,43.0
125,69,17.0
125,89,43.0
125,134,95.0
125,156,35.0
125,183,91.0
125,217,88.0
125,222,87.0
125,238,31.0
125,242,24.0
126,35,22.0
126,46,97.0
126,95,52.0
126,121,51.0
126,123,56.0
126,132,97.0
126,139,20.0
126,160,29.0
126,193,65.0
126,195,82.0
126,214,43.0
127,4,41.0
127,85,82.0
127,101,66.0
127,108,43.0
127,158,70.0
127,163,78.0
127,189,86.0
127,197,78.0
128,4,28.0
128,16,36.0
128,18,95.0
128,72,27.0
128,97,61.0
128,132,49.0
128,144,12.0
128,181,87.0
128,184,55.0
128,211,92.0
128,214,81.0
128,237,25.0
128,242,16.0
128,247,61.0
129,14,91.0
129,58,40.0
129,92,32.0
129,97,60.0
129,114,73.0
129,131,99.0
129,159,49.0
129,160,96.0
129,191,43.0
129,212,56.0
129,232,12.0
129,237,36.0
130,39,14.0
130,79,48.0
130,108,31.0
130,185,51.0
130,214,40.0
130,226,83.0
130,235,81.0
130,240,26.0
130,244,98.0
131,29,20.0
131,55,62.0
131,59,47.0
131,70,13.0
131,71,31.0
131,98,40.0
131,104,83.0
131,121,95.0
131,146,79.0
131,153,21.0
131,176,11.0
131,229,57.0
131,236,20.0
131,249,86.0
132,10,72.0
132,28,61.0
132,33,53.0
132,53,45.0
132,61,45.0
132,181,86.0
133,10,79.0
133,12,69.0
133,70,87.0
133,83,39.0
133,91,78.0
133,121,89.0
133,139,77.0
133,153,99.0
133,155,18.0
133,161,77.0
133,172,99.0
133,173,54.0
133,215,41.0
133,229,35.0
134,2,79.0
134,22,55.0
134,23,70.0
134,48,66.0
134,56,24.0
134,63,60.0
134,82,33.0
134,109,75.0
134,110,50.0
134,116,13.0
134,158,97.0
134,185,93.0
134,219,16.0
134,238,61.0
134,243,69.0
134,246,63.0
135,26,46.0
135,27,19.0
135,79,11.0
135,97,13.0
135,112,47.0
135,143,15.0
135,144,57.0
135,147,61.0
135,167,61.0
135,175,42.0
135,178,57.0
135,186,56.0
135,200,12.0
135,220,98.0
135,224,34.0
135,226,95.0
135,246,36.0
135,247,28.0
136,32,53.0
136,81,98.0
136,90,11.0
136,115,32.0
136,128,58.0
136,148,23.0
136,163,68.0
136,167,33.0
136,186,91.0
136,191,90.0
136,204,80.0
136,208,25.0
136,228,52.0
136,236,91.0
137,86,32.0
137,87,27.0
137,103,100.0
137,118,52.0
137,124,21.0
137,145,67.0
137,206,17.0
138,47,86.0
138,80,20.0
138,129,30.0
138,147,72.0
138,151,31.0
138,157,38.0
138,162,60.0
138,209,21.0
138,212,64.0
138,220,72.0
139,13,85.0
139,42,62.0
139,58,77.0
139,70,78.0
139,110,17.0
139,146,81.0
139,147,95.0
139,166,40.0
139,175,47.0
139,218,96.0
140,22,66.0
140,56,59.0
140,66,64.0
140,77,65.0
140,93,79.0
140,96,91.0
140,120,68.0
140,153,85.0
140,184,91.0
140,224,82.0
140,231,12.0
141,19,92.0
141,26,88.0
141,42,49.0
141,84,95.0
141,91,85.0
141,102,62.0
141,124,75.0
141,150,91.0
141,162,69.0
141,167,79.0
141,171,45.0
141,178,49.0
141,187,58.0
141,197,22.0
141,215,47.0
141,231,62.0
141,246,61.0
142,27,24.0
142,68,88.0
142,72,89.0
142,96,61.0
142,140,52.0
142,162,77.0
142,192,95.0
142,202,25.0
143,17,12.0
143,85,62.0
143,91,44.0
143,100,36.0
143,128,40.0
143,129,49.0
143,156,90.0
143,163,76.0
143,166,16.0
143,167,98.0
143,211,75.0
143,213,48.0
143,241,98.0
144,3,70.0
144,21,17.0
144,50,31.0
144,93,70.0
144,98,54.0
144,103,15.0
144,117,81.0
144,138,54.0
144,154,24.0
144,236,89.0
144,237,52.0
144,248,10.0
144,249,46.0
145,5,82.0
145,49,18.0
145,61,35.0
145,65,39.0
145,145,53.0
145,167,30.0
145,192,95.0
145,206,23.0
146,29,49.0
146,44,92.0
146,46,24.0
146,49,17.0
146,55,37.0
146,80,70.0
146,98,80.0
146,117,80.0
146,124,76.0
146,131,75.0
146,145,40.0
146,151,20.0
146,154,43.0
146,171,68.0
146,184,31.0
146,193,81.0
147,39,86.0
147,53,51.0
147,69,13.0
147,77,99.0
147,94,37.0
147,97,84.0
147,109,26.0
147,127,89.0
147,138,84.0
147,147,97.0
147,162,99.0
147,190,37.0
147,192,26.0
147,205,41.0
147,211,79.0
147,218,89.0
148,13,27.0
148,27,15.0
148,34,99.0
148,59,44.0
148,102,39.0
148,123,31.0
148,125,24.0
148,197,11.0
148,204,79.0
149,36,97.0
149,74,92.0
149,76,58.0
149,105,47.0
149,117,44.0
149,122,69.0
149,151,89.0
149,156,69.0
149,200,41.0
149,225,48.0
149,229,77.0
149,233,43.0
149,248,95.0
150,18,35.0
150,55,14.0
150,86,88.0
150,121,55.0
150,126,80.0
150,144,89.0
150,171,38.0
150,185,97.0
150,231,58.0
150,235,35.0
151,24,100.0
151,66,84.0
151,76,87.0
151,77,99.0
151,112,10.0
151,116,49.0
151,119,51.0
151,122,69.0
151,155,85.0
151,170,31.0
151,177,48.0
151,196,52.0
151,203,15.0
151,205,46.0
151,221,93.0
151,232,47.0
151,233,39.0
152,12,67.0
152,67,74.0
152,88,64.0
152,96,48.0
152,97,90.0
152,140,18.0
152,144,74.0
152,161,45.0
152,166,61.0
152,230,56.0
152,249,56.0
153,6,20.0
153,19,18.0
153,33,30.0
153,47,90.0
153,65,89.0
153,99,27.0
153,158,66.0
153,172,38.0
153,176,41.0
153,179,24.0
153,217,79.0
153,219,34.0
153,230,64.0
153,243,82.0
153,247,39.0
154,1,97.0
154,2,93.0
154,38,32.0
154,51,44.0
154,54,92.0
154,71,51.0
154,79,53.0
154,103,41.0
154,135,45.0
154,147,31.0
154,159,87.0
154,166,49.0
154,181,28.0
154,195,27.0
154,204,69.0
154,206,34.0
154,213,26.0
154,217,68.0
154,232,85.0
155,51,14.0
155,54,59.0
155,62,24.0
155,64,77.0
155,79,100.0
155,95,76.0
155,187,34.0
155,204,41.0
155,205,56.0
155,219,50.0
156,9,64.0
156,20,53.0
156,44,28.0
156,97,30.0
156,111,49.0
156,112,90.0
156,119,17.0
156,127,96.0
156,131,90.0
156,143,88.0
156,194,24.0
156,220,41.0
156,244,17.0
157,38,28.0
157,44,47.0
157,45,43.0
157,47,37.0
157,57,76.0
157,65,59.0
157,108,22.0
157,140,62.0
157,149,33.0
157,161,22.0
157,162,32.0
157,204,37.0
158,25,71.0
158,73,74.0
158,88,23.0
158,127,20.0
158,128,19.0
158,141,71.0
158,142,96.0
158,214,47.0
159,6,91.0
159,10,26.0
159,17,87.0
159,48,81.0
159,50,31.0
159,51,79.0
159,107,54.0
159,131,56.0
159,146,43.0
159,159,89.0
159,164,68.0
159,172,26.0
159,173,56.0
159,178,25.0
159,187,61.0
159,228,78.0
160,3,83.0
160,37,18.0
160,40,40.0
160,49,28.0
160,104,66.0
160,116,49.0
160,133,36.0
160,135,79.0
160,169,53.0
160,178,45.0
160,188,75.0
160,211,54.0
161,10,91.0
161,29,30.0
161,32,64.0
161,42,49.0
161,84,82.0
161,96,59.0
161,131,75.0
161,142,69.0
161,154,47.0
161,172,79.0
161,173,95.0
161,191,40.0
161,207,93.0
161,237,34.0
162,47,58.0
162,61,17.0
162,62,47.0
162,65,84.0
162,70,20.0
162,73,15.0
162,84,20.0
162,120,84.0
162,144,60.0
162,146,89.0
162,151,31.0
162,158,54.0
162,178,48.0
162,201,48.0
162,204,26.0
162,209,58.0
162,234,58.0
162,246,59.0
163,18,44.0
163,19,24.0
163,54,62.0
163,78,35.0
163,92,15.0
163,99,63.0
163,113,100.0
163,177,19.0
163,179,93.0
163,182,19.0
163,200,14.0
163,244,48.0
164,34,14.0
164,39,71.0
164,100,44.0
164,112,27.0
164,181,52.0
164,224,52.0
164,236,62.0
164,245,91.0
165,2,34.0
165,34,96.0
165,49,36.0
165,79,15.0
165,100,37.0
165,105,98.0
165,107,36.0
165,141,97.0
165,179,82.0
165,183,49.0
165,193,88.0
165,212,38.0
165,220,79.0
165,221,65.0
165,236,42.0
165,239,23.0
165,244,80.0
165,247,67.0
166,10,61.0
166,74,11.0
166,121,22.0
166,154,69.0
166,200,79.0
166,210,92.0
166,249,85.0
167,35,71.0
167,39,86.0
167,40,95.0
167,61,17.0
167,71,80.0
167,90,43.0
167,94,58.0
167,149,35.0
167,152,38.0
167,216,90.0
167,235,56.0
167,247,69.0
168,1,79.0
168,14,56.0
168,22,72.0
168,30,89.0
168,36,94.0
168,48,41.0
168,51,90.0
168,76,21.0
168,93,89.0
168,94,12.0
168,133,93.0
168,142,90.0
168,175,59.0
168,185,93.0
168,193,37.0
168,203,27.0
168,237,72.0
168,249,30.0
169,4,93.0
169,8,16.0
169,24,57.0
169,40,12.0
169,44,32.0
169,50,44.0
169,63,32.0
169,76,78.0
169,110,39.0
169,118,99.0
169,155,54.0
169,160,60.0
169,165,20.0
169,220,62.0
169,223,17.0
169,224,21.0
169,229,51.0
169,230,35.0
170,15,25.0
170,49,80.0
170,89,81.0
170,91,78.0
170,92,93.0
170,107,69.0
170,126,50.0
170,152,42.0
170,154,14.0
170,169,61.0
170,171,24.0
170,183,65.0
170,184,79.0
170,189,82.0
170,232,85.0
170,238,90.0
171,0,44.0
171,40,45.0
171,49,57.0
171,99,35.0
171,106,29.0
171,133,72.0
171,171,41.0
171,193,27.0
171,194,46.0
171,202,95.0
171,221,67.0
172,15,91.0
172,20,89.0
172,31,89.0
172,51,86.0
172,64,75.0
172,142,52.0
172,148,31.0
172,154,85.0
172,155,100.0
172,156,73.0
172,169,74.0
172,203,66.0
172,212,13.0
172,247,66.0
173,7,71.0
173,10,29.0
173,55,43.0
173,85,64.0
173,135,26.0
173,165,74.0
173,246,95.0
174,10,86.0
174,47,81.0
174,57,73.0
174,62,34.0
174,70,71.0
174,85,14.0
174,91,98.0
174,93,44.0
174,97,72.0
174,103,37.0
174,112,87.0
174,126,67.0
174,131,22.0
174,133,99.0
174,150,85.0
174,155,77.0
174,179,44.0
174,192,57.0
174,194,70.0
174,209,79.0
174,239,59.0
175,10,75.0
175,25,64.0
175,70,10.0
175,83,78.0
175,112,92.0
175,160,32.0
175,226,15.0
176,11,47.0
176,12,49.0
176,22,24.0
176,37,74.0
176,45,90.0
176,46,70.0
176,55,82.0
176,74,16.0
176,76,21.0
176,227,44.0
177,78,53.0
177,81,18.0
177,90,90.0
177,93,51.0
177,130,42.0
177,137,18.0
177,160,40.0
177,170,17.0
177,193,70.0
177,215,45.0
177,230,22.0
177,237,11.0
177,247,11.0
178,19,51.0
178,26,79.0
178,40,94.0
178,70,87.0
178,96,72.0
178,115,78.0
178,128,86.0
178,156,62.0
178,165,53.0
178,194,53.0
178,204,40.0
178,213,77.0
178,243,77.0
179,12,33.0
179,44,26.0
179,56,36.0
179,88,96.0
179,90,88.0
179,93,69.0
179,94,40.0
179,98,22.0
179,119,29.0
179,126,43.0
179,141,66.0
179,158,82.0
179,168,32.0
179,180,44.0
179,193,26.0
179,194,30.0
179,216,93.0
179,219,45.0
180,33,47.0
180,45,28.0
180,86,81.0
180,97,60.0
180,104,66.0
180,111,59.0
180,112,29.0
180,116,73.0
180,118,76.0
180,124,23.0
180,150,84.0
180,160,73.0
180,192,94.0
180,230,15.0
180,244,96.0
181,31,54.0
181,49,18.0
181,63,84.0
181,66,76.0
181,69,40.0
181,83,77.0
181,93,63.0
181,116,55.0
181,129,53.0
181,150,96.0
181,172,66.0
181,236,15.0
182,15,96.0
182,17,89.0
182,21,90.0
182,40,62.0
182,87,80.0
182,99,76.0
182,116,90.0
182,205,23.0
182,228,69.0
183,23,88.0
183,25,78.0
183,28,59.0
183,53,16.0
183,74,29.0
183,94,63.0
183,95,29.0
183,117,68.0
183,127,78.0
183,149,88.0
183,160,83.0
183,214,56.0
183,231,48.0
184,1,55.0
184,2,19.0
184,42,97.0
184,48,54.0
184,59,94.0
184,76,49.0
184,135,99.0
184,136,31.0
184,141,63.0
184,142,67.0
184,163,84.0
184,200,99.0
184,239,23.0
184,240,23.0
184,248,38.0
185,34,33.0
185,44,80.0
185,54,76.0
185,55,92.0
185,65,76.0
185,97,69.0
185,108,31.0
185,126,23.0
185,131,83.0
185,139,29.0
185,147,68.0
185,148,20.0
185,166,34.0
185,213,57.0
186,7,61.0
186,18,14.0
186,31,87.0
186,146,80.0
186,151,77.0
186,162,32.0
186,190,97.0
186,220,94.0
186,226,74.0
186,237,56.0
186,240,20.0
187,0,65.0
187,46,39.0
187,54,35.0
187,71,74.0
187,83,76.0
187,124,67.0
187,153,32.0
187,182,84.0
187,185,29.0
187,186,99.0
187,196,98.0
187,199,83.0
187,211,58.0
187,237,69.0
188,45,91.0
188,50,80.0
188,58,35.0
188,73,41.0
188,76,92.0
188,85,93.0
188,105,20.0
188,126,58.0
188,134,90.0
188,159,30.0
188,187,93.0
188,222,56.0
188,227,85.0
188,235,48.0
188,247,64.0
189,8,64.0
189,18,59.0
189,21,20.0
189,31,37.0
189,36,20.0
189,60,26.0
189,69,14.0
189,119,75.0
189,129,61.0
189,180,69.0
189,209,12.0
189,222,78.0
189,238,94.0
190,5,97.0
190,83,26.0
190,137,45.0
190,140,69.0
190,158,31.0
190,176,24.0
190,178,30.0
190,186,19.0
190,201,14.0
190,207,67.0
190,215,22.0
191,43,66.0
191,52,46.0
191,72,63.0
191,75,21.0
191,104,87.0
191,123,13.0
191,131,83.0
191,191,11.0
191,194,78.0
191,202,68.0
191,203,74.0
191,209,55.0
191,231,63.0
191,240,39.0
192,28,35.0
192,31,79.0
192,34,71.0
192,37,13.0
192,43,85.0
192,50,91.0
192,72,10.0
192,74,94.0
192,81,65.0
192,113,14.0
192,127,41.0
192,148,10.0
192,194,14.0
192,241,47.0
193,44,87.0
193,50,20.0
193,87,100.0
193,108,36.0
193,117,38.0
193,124,38.0
193,148,67.0
193,173,85.0
193,181,48.0
193,193,81.0
193,200,87.0
193,201,59.0
193,202,44.0
193,203,55.0
193,213,88.0
193,233,13.0
194,41,27.0
194,43,37.0
194,54,78.0
194,68,90.0
194,69,36.0
194,87,74.0
194,133,39.0
194,136,39.0
194,140,93.0
194,153,37.0
194,219,66.0
195,11,74.0
195,77,12.0
195,80,42.0
195,82,81.0
195,85,23.0
195,106,27.0
195,107,98.0
195,121,34.0
195,132,65.0
195,153,80.0
195,154,86.0
195,163,90.0
195,237,59.0
195,242,89.0
196,8,52.0
196,12,80.0
196,36,59.0
196,61,21.0
196,78,27.0
196,80,14.0
196,93,34.0
196,94,75.0
196,124,45.0
196,132,70.0
196,140,79.0
196,167,31.0
196,173,23.0
196,196,38.0
197,16,82.0
197,67,78.0
197,111,81.0
197,118,95.0
197,130,71.0
197,132,44.0
197,138,42.0
197,141,21.0
197,151,49.0
198,30,25.0
198,82,26.0
198,131,95.0
198,136,50.0
198,148,64.0
198,157,72.0
198,167,65.0
198,214,68.0
198,232,78.0
198,238,61.0
198,241,15.0
199,40,18.0
199,44,89.0
199,59,90.0
199,63,46.0
199,114,61.0
199,124,56.0
199,177,32.0
199,222,18.0
200,1,72.0
200,14,31.0
200,19,56.0
200,29,41.0
200,45,88.0
200,57,34.0
200,86,87.0
200,93,72.0
200,99,50.0
200,115,95.0
200,138,54.0
200,141,94.0
200,184,13.0
200,191,48.0
200,219,48.0
200,231,48.0
200,239,42.0
200,249,28.0
201,2,87.0
201,19,99.0
201,61,12.0
201,64,25.0
201,71,31.0
201,99,87.0
201,108,91.0
201,118,61.0
201,132,42.0
201,169,36.0
201,180,16.0
201,243,23.0
201,248,83.0
202,11,63.0
202,18,64.0
202,42,17.0
202,44,72.0
202,54,17.0
202,62,25.0
202,74,88.0
202,85,95.0
202,106,17.0
202,118,48.0
202,132,91.0
202,142,40.0
202,156,24.0
202,158,53.0
202,160,53.0
202,166,10.0
202,184,43.0
202,201,27.0
202,212,65.0
202,215,54.0
202,234,54.0
203,2,11.0
203,48,13.0
203,83,33.0
203,92,70.0
203,96,51.0
203,102,90.0
203,147,83.0
203,188,100.0
203,213,57.0
203,220,15.0
204,18,20.0
204,33,17.0
204,57,33.0
204,118,95.0
204,144,58.0
204,178,65.0
204,189,63.0
204,201,25.0
204,233,23.0
205,15,64.0
205,19,22.0
205,50,56.0
205,52,99.0
205,117,26.0
205,121,18.0
205,124,43.0
205,133,31.0
205,138,92.0
205,158,19.0
205,173,88.0
205,195,40.0
205,207,65.0
205,212,15.0
205,214,89.0
205,220,59.0
205,235,60.0
206,16,34.0
206,42,87.0
206,53,88.0
206,56,23.0
206,67,21.0
206,112,89.0
206,118,24.0
206,158,11.0
206,177,62.0
206,198,68.0
206,225,37.0
206,229,67.0
207,29,68.0
207,48,32.0
207,66,39.0
207,80,75.0
207,141,28.0
207,142,76.0
207,154,96.0
207,178,58.0
207,185,98.0
207,197,76.0
207,202,20.0
207,217,14.0
207,218,54.0
207,222,79.0
208,50,24.0
208,58,22.0
208,77,57.0
208,125,61.0
208,139,46.0
208,156,46.0
208,159,19.0
208,160,65.0
208,180,85.0
208,198,61.0
209,33,18.0
209,78,98.0
209,79,61.0
209,103,83.0
209,123,55.0
209,126,70.0
209,183,86.0
209,203,74.0
210,73,86.0
210,83,54.0
210,141,49.0
210,146,42.0
210,164,98.0
210,167,20.0
210,199,33.0
210,233,94.0
211,19,19.0
211,36,42.0
211,49,15.0
211,67,99.0
211,79,59.0
211,95,90.0
211,160,45.0
211,190,61.0
211,197,94.0
211,226,62.0
211,237,46.0
211,244,12.0
212,46,44.0
212,91,59.0
212,111,21.0
212,131,69.0
212,140,95.0
212,143,67.0
212,173,90.0
212,204,95.0
212,214,12.0
213,11,87.0
213,31,74.0
213,69,31.0
213,87,10.0
213,92,83.0
213,107,58.0
213,119,65.0
213,121,16.0
213,131,48.0
213,133,26.0
213,146,38.0
213,191,96.0
213,226,28.0
213,240,84.0
214,11,76.0
214,16,19.0
214,30,62.0
214,31,29.0
214,114,68.0
214,122,58.0
214,124,34.0
214,140,60.0
214,151,20.0
214,164,86.0
214,188,20.0
214,193,62.0
215,6,92.0
215,25,56.0
215,45,72.0
215,64,56.0
215,73,37.0
215,81,84.0
215,91,91.0
215,99,19.0
215,112,50.0
215,120,63.0
215,121,41.0
215,136,79.0
215,211,17.0
216,3,58.0
216,28,21.0
216,41,84.0
216,53,91.0
216,74,38.0
216,86,97.0
216,116,73.0
216,136,55.0
216,137,86.0
216,142,75.0
216,144,76.0
216,159,98.0
216,185,15.0
216,199,31.0
216,215,54.0
216,243,25.0
216,244,64.0
217,13,17.0
217,36,88.0
217,57,89.0
217,76,86.0
217,79,33.0
217,105,31.0
217,125,14.0
217,141,46.0
217,165,79.0
217,178,92.0
217,184,42.0
217,187,54.0
217,195,75.0
217,205,60.0
218,16,83.0
218,35,32.0
218,90,36.0
218,121,66.0
218,127,37.0
218,135,80.0
218,181,64.0
218,191,34.0
218,205,37.0
218,207,47.0
218,221,13.0
218,224,55.0
219,1,51.0
219,6,81.0
219,27,25.0
219,71,80.0
219,78,88.0
219,79,50.0
219,94,86.0
219,113,41.0
219,114,89.0
219,141,73.0
219,149,66.0
219,163,73.0
219,183,92.0
219,188,29.0
219,227,85.0
219,232,86.0
219,241,50.0
220,8,79.0
220,55,79.0
220,62,93.0
220,91,38.0
220,93,65.0
220,102,66.0
220,123,78.0
220,126,82.0
220,133,59.0
220,137,92.0
220,178,52.0
220,222,98.0
220,231,84.0
220,240,75.0
221,15,45.0
221,42,25.0
221,54,47.0
221,79,52.0
221,96,73.0
221,117,31.0
221,167,73.0
221,184,31.0
221,200,35.0
221,232,73.0
221,237,17.0
221,245,82.0
222,16,54.0
222,36,66.0
222,40,87.0
222,43,22.0
222,92,90.0
222,143,39.0
222,166,39.0
222,214,72.0
223,1,71.0
223,8,64.0
223,12,15.0
223,15,99.0
223,28,59.0
223,34,77.0
223,38,66.0
223,42,43.0
223,56,93.0
223,131,84.0
223,166,48.0
223,172,33.0
223,207,70.0
223,211,99.0
223,214,34.0
223,246,58.0
224,78,12.0
224,93,93.0
224,98,28.0
224,129,69.0
224,144,35.0
224,197,61.0
224,204,41.0
224,217,32.0
224,222,68.0
224,224,40.0
225,20,16.0
225,46,64.0
225,58,41.0
225,67,14.0
225,73,63.0
225,99,47.0
225,117,62.0
225,125,80.0
225,161,42.0
225,222,42.0
225,228,82.0
225,239,97.0
225,249,61.0
226,4,11.0
226,15,62.0
226,16,99.0
226,21,25.0
226,27,65.0
226,33,60.0
226,48,27.0
226,57,73.0
226,100,33.0
226,113,82.0
226,136,25.0
226,147,83.0
226,173,72.0
226,199,73.0
226,204,76.0
226,238,18.0
227,9,34.0
227,10,62.0
227,27,37.0
227,29,55.0
227,30,89.0
227,72,43.0
227,89,17.0
227,102,54.0
227,104,54.0
227,112,92.0
227,127,21.0
227,138,96.0
227,156,89.0
227,172,68.0
227,184,57.0
228,23,67.0
228,46,56.0
228,66,22.0
228,98,20.0
228,102,70.0
228,123,55.0
228,168,31.0
228,180,83.0
228,192,30.0
228,195,85.0
228,214,13.0
229,27,40.0
229,31,14.0
229,83,44.0
229,100,76.0
229,114,77.0
229,122,64.0
229,127,21.0
229,137,93.0
229,142,40.0
229,162,60.0
229,192,78.0
229,212,16.0
229,215,42.0
229,230,75.0
229,244,19.0
230,59,66.0
230,71,35.0
230,78,24.0
230,135,65.0
230,143,38.0
230,160,38.0
230,173,73.0
230,185,15.0
230,204,41.0
230,219,78.0
230,223,88.0
230,230,59.0
231,34,80.0
231,128,99.0
231,132,49.0
231,135,17.0
231,159,84.0
231,170,35.0
231,184,80.0
231,207,70.0
231,215,16.0
231,232,26.0
231,244,87.0
232,0,25.0
232,29,48.0
232,32,33.0
232,166,48.0
232,182,45.0
232,192,36.0
232,195,37.0
232,196,10.0
232,209,50.0
232,224,47.0
232,247,58.0
233,21,17.0
233,27,93.0
233,79,46.0
233,100,99.0
233,107,83.0
233,119,45.0
233,134,74.0
233,143,25.0
233,202,60.0
233,212,68.0
233,235,20.0
233,236,53.0
233,241,87.0
234,3,33.0
234,4,57.0
234,12,31.0
234,14,40.0
234,33,70.0
234,46,42.0
234,65,26.0
234,81,53.0
234,84,46.0
234,102,45.0
234,121,74.0
234,135,58.0
234,136,32.0
234,168,48.0
234,175,63.0
234,192,72.0
235,39,20.0
235,47,65.0
235,50,91.0
235,51,16.0
235,82,82.0
235,108,21.0
235,119,86.0
235,120,45.0
235,137,19.0
235,139,95.0
235,145,56.0
235,157,71.0
235,165,54.0
235,200,54.0
235,217,97.0
236,32,49.0
236,44,16.0
236,70,47.0
236,76,83.0
236,114,10.0
236,153,24.0
236,173,84.0
236,228,78.0
236,231,59.0
236,238,86.0
236,239,24.0
236,244,56.0
237,8,59.0
237,9,67.0
237,35,40.0
237,39,64.0
237,62,43.0
237,65,52.0
237,76,76.0
237,87,21.0
237,112,29.0
237,133,78.0
237,135,38.0
237,168,16.0
237,181,92.0
237,204,81.0
237,212,86.0
237,238,24.0
237,248,60.0
238,20,53.0
238,48,36.0
238,63,15.0
238,70,45.0
238,87,33.0
238,94,63.0
238,115,67.0
238,162,48.0
238,168,19.0
238,172,36.0
238,180,51.0
238,183,24.0
238,195,13.0
238,216,81.0
238,224,63.0
238,230,84.0
239,16,78.0
239,29,49.0
239,36,13.0
239,37,76.0
239,81,50.0
239,98,98.0
239,110,56.0
239,148,74.0
239,176,53.0
239,177,97.0
239,243,86.0
239,246,48.0
240,10,25.0
240,43,69.0
240,96,25.0
240,178,27.0
240,205,42.0
240,223,67.0
240,234,80.0
240,239,33.0
240,241,57.0
240,248,32.0
241,9,44.0
241,47,26.0
241,60,85.0
241,136,52.0
241,140,47.0
241,141,60.0
241,144,33.0
241,153,69.0
241,154,86.0
241,176,17.0
241,203,58.0
241,206,50.0
241,212,40.0
241,230,61.0
242,22,74.0
242,27,92.0
242,48,62.0
242,67,33.0
242,79,42.0
242,86,42.0
242,107,96.0
242,115,76.0
242,124,40.0
242,141,83.0
242,164,19.0
242,165,89.0
242,174,82.0
242,185,98.0
242,197,22.0
242,224,54.0
242,231,34.0
243,1,59.0
243,42,45.0
243,43,43.0
243,44,64.0
243,61,12.0
243,67,12.0
243,89,95.0
243,93,26.0
243,184,80.0
243,195,65.0
244,40,98.0
244,105,97.0
244,131,58.0
244,169,36.0
244,177,48.0
244,226,20.0
244,227,41.0
245,8,55.0
245,14,51.0
245,39,11.0
245,49,34.0
245,83,25.0
245,85,82.0
245,92,90.0
245,119,65.0
245,130,22.0
245,136,99.0
245,142,74.0
245,154,69.0
245,178,94.0
245,194,98.0
245,234,64.0
245,236,29.0
246,5,55.0
246,35,23.0
246,87,48.0
246,120,95.0
246,210,75.0
246,228,73.0
246,236,16.0
246,238,98.0
246,243,47.0
247,19,26.0
247,24,98.0
247,38,46.0
247,41,75.0
247,54,87.0
247,61,60.0
247,89,37.0
247,92,22.0
247,102,79.0
247,133,84.0
247,140,11.0
247,144,95.0
247,171,38.0
247,198,37.0
247,217,59.0
247,222,97.0
248,11,37.0
248,12,85.0
248,16,68.0
248,31,44.0
248,54,93.0
248,81,13.0
248,85,71.0
248,91,88.0
248,102,85.0
248,124,73.0
248,126,99.0
248,172,50.0
248,176,31.0
248,207,61.0
248,229,42.0
248,231,12.0
249,34,34.0
249,75,95.0
249,87,21.0
249,88,61.0
249,91,34.0
249,100,43.0
249,101,33.0
249,104,45.0
249,167,81.0
249,182,59.0
249,198,21.0
